ID,Nitrogen,Phosphorus,Potassium,Chlorophyll,Leaf_Dry_Weight,Leaf_Fresh_Weight,Leaf_Area
1,2.96,0.22,1.78,476.6,8.46,30.7,1420.57
2,3.11,0.48,2.74,492.17,6.69,27.55,1144.1
3,2.94,0.39,2.45,428.91,6.16,25.15,898.15
4,3.62,0.41,1.94,554.8,7.54,28.9,1387.85
5,2.48,0.27,1.41,425.94,12.01,51.35,2269.29
6,2.55,0.35,2.27,584.36,6.78,24.9,939.1
7,3.35,0.55,2.28,528.39,10.39,40.2,1605.45
8,2.87,0.32,1.95,530.21,6.54,24.65,987.88
9,3.17,0.45,2.47,421.68,7.52,33.65,1225.7
10,1.77,0.27,1.58,333.16,7.59,27.05,1183.37
11,2.29,0.23,1.55,353,13.01,59.85,2509.03
12,3.44,0.41,2.42,538.51,6.46,28.6,1001.04
13,3.61,0.6,2.76,529.97,8.56,38.05,1487.11
14,3.35,0.43,3.31,582.27,10.15,52.75,1778.53
15,2.49,0.29,2.34,511.51,8.79,34.8,1449.08
16,2.23,0.26,2.04,433.11,9.64,45.95,2181.34
17,2.95,0.57,3.96,545.09,4.94,23.35,968.65
18,3.65,0.56,2.31,588.51,11.12,32.2,1581.37
19,3.01,0.3,2.95,521.27,5.88,21.7,937.34
20,3.49,0.26,2.84,562.67,5.4,21.95,988.24
21,3.35,0.45,3.08,583.84,5.39,30.15,940.11
22,3.96,0.38,3.06,581.62,1.91,8.7,378.66
23,2.53,0.32,2.21,440.08,11.45,50.2,2300.12
24,2.4,0.3,2.31,425.89,13.19,63.3,2464.64
25,3.77,0.46,2.55,495.08,6.72,28.05,1213.21
26,4.17,0.64,3.93,513.86,5.2,29.1,878.09
27,2.72,0.4,2.41,524.23,11.52,51.65,2212.06
28,3.15,0.46,2.28,499.21,10.84,57.05,2206.89
29,3.65,0.36,2.86,575.38,7.6,33.15,1493.53
30,3.11,0.39,2.15,461.41,5.3,19,984.75
31,3.1,0.41,2.71,435.69,8.97,35.5,1475.02
32,3,0.44,2.98,489.1,8.38,37.25,1409.27
33,2,0.25,1.57,370.41,10.93,52.6,2427.93
34,4.15,0.46,2.65,599.89,7.75,41.3,1251.48
35,2.39,0.38,1.25,456.07,16.18,81.9,3190.99
36,4,0.3,2.45,589.21,7.54,30.6,1221.3
37,3.14,0.36,2.53,545.8,5.06,20.2,753.86
38,3.31,0.46,2.45,410.09,8.1,33.25,1527.68
39,2.06,0.25,1.84,305.62,10.6,32.2,1383.3
40,2.46,0.25,2.3,351.54,2,15.25,401.33
41,3.06,0.33,2.62,457.52,11.44,57.5,2356.27
42,2.89,0.47,1.85,378.03,7.05,25.6,1021.87
43,3.75,0.57,1.83,619.28,6.62,26.15,1070.06
44,3.1,0.37,2.17,515.79,8.6,30.15,1180.98
45,3.73,0.43,2.58,653.58,4.35,19.35,1014.75
46,2.96,0.32,2.22,512.27,8.05,29.55,1172.68
47,3.17,0.71,2.28,521.01,4.42,17.9,610.71
48,4.11,0.61,2.78,565.72,7,29.15,1252.27
49,4.17,0.42,2.42,609.54,5.84,23.8,975.76
50,3.31,0.47,2.53,474.48,8.53,32.05,1416.14
51,2.77,0.43,3.66,551.63,6.93,28.25,1138.09
52,3.15,0.29,1.5,536.89,7.24,26.35,1309.82
53,3.13,0.32,2.39,580.22,10.96,42.55,1894.46
54,2.58,0.48,3.24,597.17,4.54,17.6,466.85
55,2.28,0.24,1.84,338.9,11.61,45.4,2391.27
56,2.36,0.26,2.1,419.06,6.35,19.45,981.36
57,4.21,0.57,3.02,542.22,8.93,40.9,1586.57
58,3.25,0.3,1.83,493.93,9.26,34.65,1274.04
59,3.25,0.3,1.83,516.52,8.4,31.05,1440.63
60,3.56,0.64,2.31,591.81,5.21,22.2,1004.08
61,2.91,0.79,3.8,553.03,5.6,26.4,938.77
62,2.84,0.35,2.25,460.98,8.63,36.4,1504.93
63,2.95,0.47,2.6,447,8.72,26.25,1001.09
64,3.46,0.51,2.95,598.66,9.76,42,1827.79
65,2.92,0.38,2,561.23,7.72,29.85,1240.37
66,4.17,0.54,2.49,637.74,6.72,27.95,1141.69
67,3.12,0.32,2.31,580.54,8.34,33.75,1406.06
68,3.48,0.55,3.03,546.14,5.67,25.2,1179.03
69,2.72,0.5,2.38,376.3,14.93,81.85,2900.35
70,3.18,0.38,2.54,597.67,9.37,39.7,1617.62
71,3.2,0.51,2.63,465.33,6.88,30.55,1345.17
72,3.5,0.54,2.47,556.53,6.79,31.3,1322.93
73,2.89,0.23,2.37,524.96,4.05,17.25,718.54
74,3.05,0.42,3.51,304.01,3.33,18.2,673.6
75,3.55,0.41,2.68,547.3,8.7,36.6,1348.14
76,3.74,0.42,2.38,610.12,3.77,13.7,707.21
77,4.12,0.46,2.51,525.88,13.32,74.25,2784.82
78,3.03,0.4,1.73,586.96,8.57,30.75,1489.38
79,3.46,0.4,2.94,585.84,5.58,24.45,1003.61
80,3.66,0.5,2.35,528.26,12.64,49.25,2281.64
81,3.37,0.56,2.45,519.33,6.46,28.7,1237.39
82,2.92,0.35,3.08,600.46,6.56,31.6,1159.56
83,3.61,0.56,2.55,616.38,8.15,33.05,1206.63
84,2.94,0.41,2.96,554.77,7.04,30.55,651.34
85,3.49,0.62,2.56,608.56,11,52,2123.69
86,1.87,0.32,1.61,402.94,8.92,29.4,1300.22
87,3.16,0.32,2.99,574.97,8.17,34.2,1256.54
88,2.9,0.33,2.81,482.97,6.31,23.45,1112.34
89,2.57,0.28,2.32,471.96,13.44,62.15,2332.04
90,3.48,0.38,1.68,559.33,7.98,29.4,1255.42
91,3.1,0.34,2.22,533.53,4.07,15.5,574.41
92,3.05,0.41,2.42,462.34,6.33,25.7,862.97
93,3.25,0.42,2.08,527.02,3.68,82.6,3333.59
94,2.9,0.27,2.1,535.12,5.91,22.45,964.89
95,2.49,0.52,3.33,258.99,5.18,23.15,922.83
96,2.58,0.25,2.38,307.36,6.54,24.75,1194.29
97,3.54,0.44,2.49,626.48,7.06,25.55,974.96
98,3.1,0.36,3.66,613,8.32,33.35,1253.74
99,2.09,0.18,2.1,299.83,13.08,44.85,2270.58
100,3.25,0.44,3.05,256.53,5.36,31.35,1694.95
101,3.94,0.51,3.3,258.89,5.05,24.95,1228.16
102,3.28,0.28,1.82,498.61,5.62,19.9,968.77
103,3.51,0.34,1.28,622.06,5.91,22.8,1016.12
104,3.17,0.49,2.92,616.87,10.19,43,1442.49
105,3.24,0.54,2.99,501,5.07,20.4,852.86
106,2.91,0.29,4.55,451.17,2.93,16.35,504.61
107,3.77,0.44,2.41,391.81,8.13,33.4,1682.85
108,2.83,0.37,1.7,535.97,3.68,17.85,690.93
109,3.74,0.46,1.95,547.57,7.22,28.95,1229.17
110,3.5,0.75,3.13,544.96,3.12,17.35,570.81
111,3.7,0.7,2.64,561.11,6.03,24.9,1077.88
112,1.99,0.26,1.58,404.57,10.94,50.15,2047.66
113,3.45,0.68,4.08,509.29,2.36,13.75,316.8
114,3.14,0.85,2.32,548.86,8.41,37.6,1474.97
115,3.48,0.47,3.4,422.28,11.62,53.95,1918.58
116,3.86,0.46,2.69,538.4,8.25,35.9,1461.28
117,3.94,0.83,3.11,615.76,4.73,21.75,872.47
118,3.63,0.65,2.31,505.04,4.76,16.85,771.14
119,2.73,0.36,2.14,433.63,13.81,71.2,3034.35
120,3.25,0.43,2.76,392.54,2.9,12.8,599
121,2.97,0.45,2.58,372.1,3.96,17.9,984.66
122,3.19,0.65,2.73,454.71,5.64,24,1002.31
123,4.11,0.32,3.14,584.17,6,28.35,1116.04
124,3.35,0.47,2.49,520.8,6.2,27.25,1173.88
125,2.99,0.43,2.79,320.84,6.41,32.05,1242.42
126,3.14,0.3,2.29,468.57,16.5,82.6,3511.87
127,3.98,0.56,2.68,579.52,5.42,24.25,1017.77
128,3.76,0.43,3.57,595.37,4.66,20.35,787.81
129,2.8,0.24,2.15,526.43,16.33,77.9,2839.88
130,2.65,0.32,1.82,460.23,6.86,25.25,1115.53
131,3.55,0.39,2.83,509.39,4.87,19.8,850.82
132,2.81,0.39,2.08,484.32,10.69,57,2029.75
133,3.71,0.42,2.64,401.27,6.94,33.2,1489.9
134,3.31,0.24,1.69,482.58,4.08,12.8,795.85
135,3.42,0.46,2.1,512.51,4.8,19.6,892.68
136,3.71,0.63,2.78,382.72,5.31,24.55,1123.72
137,4.07,0.3,1.91,617.5,5.24,22.55,953.75
138,3.33,0.37,2.73,588.91,6.49,22.1,985.72
139,2.82,0.27,2.34,459.72,3.87,13.95,694.22
140,3.45,0.37,3.09,494.4,6.4,29.25,1272.79
141,3.51,0.73,3.47,458.33,4.17,16.3,864.41
142,2.39,0.42,2.41,424.5,2.64,9.55,389.97
143,1.27,0.24,1.8,107.9,6.63,21.25,943.98
144,2.94,0.59,2.42,532.44,7.47,30.65,1217.51
146,1.76,0.34,2.35,218.44,4.14,17.6,768.07
148,1.58,0.42,2.16,237.26,4.32,16.15,832.04
149,1.92,0.38,2.5,199.43,5.26,20.65,953.75
150,1.55,0.28,2.77,219.23,6.51,29,1229.37
151,1.55,0.28,2.77,219.23,6.51,29,1229.37
152,1.92,0.38,2.5,199.43,5.26,20.65,953.75
169,1.58,0.29,2.39,211.31,6.02,25.7,1239.39
172,1.9,0.34,2.88,312.03,4.67,20.35,932.7
173,2.99,0.45,2.03,482.37,10.72,34.1,1412.57
175,2.21,0.28,2.32,332.29,6.26,19.7,979.7
177,2.22,0.61,2.41,351.12,3.85,13.35,672.13
180,1.37,0.47,2.34,201.62,5.52,20.6,971.55
182,2.52,0.41,2.13,444.84,5.92,20.1,964.59
184,1.84,0.46,1.6,302.52,3.42,11.65,623.86
185,1.42,0.29,2.05,237.83,7.82,27.55,1294.18
188,1.48,0.25,2.05,235.39,6.54,24.55,1304.08
190,1.99,0.42,2.24,324.74,7.25,28.7,1150.79
192,1.66,0.32,2.36,314.19,7.32,29.85,1184
194,1.87,0.32,1.83,315.81,4.27,15.75,799.16
195,1.5,0.26,2.65,253.41,6.83,27.95,1214.54
197,1.55,0.27,2.65,226.6,5.08,21.25,1065.66
200,1.93,0.31,1.86,312.46,5.63,19.1,959.73
201,1.49,0.26,2.07,269.21,8.69,32.55,1559.36
203,1.57,0.41,2.24,223.13,4.55,18.3,1044.72
206,1.7,0.35,2.21,198.58,6.63,25,1207.3
208,2.09,0.39,2.15,290.23,3.07,10.85,550.34
210,1.97,0.32,3.32,278.17,6.59,29.4,1183.06
211,1.41,0.27,2.58,198.24,6.99,32.2,1310.3
214,1.45,0.26,2.87,225.31,7.85,35.5,1397.95
215,1.44,0.29,2.18,230.63,7.91,32.5,1538.13
218,1.1,0.24,2.38,160.17,7.18,31.25,1231.55
220,1.79,0.33,2.89,309.71,7.74,33.15,1203.83
222,1.31,0.28,2.83,210.38,9.52,43.45,1500.92
224,1.48,0.35,3.06,194.21,6.01,28.9,1285.68
225,1.92,0.42,2.59,231.91,9.37,41.15,1633.36
228,1.52,0.3,2.63,244.19,7.09,31.35,1297.54
229,1.66,0.33,2.77,263.61,6.63,30,1312.12
232,1.19,0.32,2.57,176.44,7.49,28.1,1370.66
234,1.8,0.3,2.33,351.42,3.6,13.2,634.71
236,1.71,0.24,2.32,282.55,6.42,23.55,1033.03
237,1.73,0.32,2.79,203.1,5.27,22.8,969.27
240,1.57,0.26,2.76,198.52,5.67,25.4,1256.83
242,2.26,0.61,2.6,421.08,5.09,19.85,829.25
244,1.66,0.34,2.4,213.72,4.34,17.8,986.58
245,1.4,0.36,3.11,242.78,7.52,33.8,1410.83
247,1.47,0.29,2.05,230.59,6.52,27.25,1236.43
249,2.05,0.44,2.03,344.31,7.85,31.1,1404.8
251,2.47,0.41,2.69,346.27,8.72,34,1385.07
254,1.81,0.24,2.79,299.16,9.12,37.55,1607.11
255,1.36,0.21,1.76,204.69,4.44,15.15,757.8
256,1.94,0.3,2.25,287.14,3.57,14.5,775.25
257,1.53,0.25,1.91,290.09,7.63,30,1416.78
258,1.68,0.26,2.98,292.43,5.59,23.4,1094.37
259,1.31,0.23,1.9,207.46,5.21,17.8,968.83
260,2.21,0.32,1.74,363.87,3.18,11.7,543.97
261,1.79,0.32,2.41,324.68,7.78,29.15,1206.72
262,1.6,0.24,1.68,274.22,6.44,22.5,1133.2
263,1.57,0.27,2.13,271.17,8.93,36.85,1575.74
264,2.91,0.45,2.48,512.97,4.65,19,693.33
265,2.32,0.28,1.77,292.77,4.04,14.55,682.15
266,2.53,0.51,2.17,460.77,6.52,23.05,1047.84
267,1.66,0.26,1.83,248.28,2.85,11.8,669.99
268,1.84,0.29,1.6,416.92,5.55,19.35,1017.27
269,1.6,0.26,2.25,287.52,7.56,27.7,1266.63
270,1.77,0.32,1.64,320.56,5.67,19.95,901.53
271,2.06,0.37,2.17,348.49,5.62,24,1035.91
272,1.63,0.21,1.42,251.78,6.88,23.5,1131.7
273,1.78,0.23,1.85,387.4,3.31,10.15,537.87
274,2.21,0.34,1.82,374.86,5.67,18.75,858.83
275,1.88,0.23,2.03,286.98,9.72,37,1750.14
276,1.77,0.26,1.79,269.42,3.71,13.2,722.1
277,2.14,0.26,2.57,312.69,5.12,20.9,1030.7
278,1.89,0.25,2.33,303.82,8.05,27.15,1341.79
279,2.41,0.4,2.66,196.23,8.97,39.95,1680.6
280,1.88,0.37,2.65,274.68,6.72,28.35,1246.72
281,1.62,0.3,2.36,204.9,5.65,28.1,1232.13
282,1.94,0.29,2.47,260.48,8.35,37.65,1547.01
283,1.84,0.24,1.95,310.69,8.73,37.85,1500.23
284,1.75,0.25,2.27,264.58,8.32,35.2,1356.58
285,1.59,0.26,2.11,247.86,8.62,36.25,1380.06
286,1.56,0.47,3.25,220.49,10.27,45.75,1735.33
287,1.69,0.24,2.31,252.13,6.78,26.5,1268.79
288,1.98,0.25,2.02,334.04,9.46,32.65,1560.24
289,1.26,0.5,2.46,212.59,8.77,40.55,1600.68
290,1.98,0.31,3.4,263.2,8.36,36.8,1641.53
291,1.27,0.38,3.36,155.53,5.71,26.4,1128.14
292,1.86,0.28,2.46,263.3,8.37,35.8,1599.65
293,1.44,0.17,2.25,219.51,7.52,34.15,1526.68
294,1.81,0.25,2.39,244.79,7.58,30,1469.21
295,1.81,0.41,2.22,262.52,5.52,21.55,1080.15
296,1.93,0.34,2.84,325.17,9.87,40.35,1618.61
297,1.8,0.3,2.86,240.9,6.75,26.75,1249.02
298,2.92,0.35,2.55,357.8,9.33,35.35,1701.51
299,1.5,0.21,2.69,219.5,7.23,31.25,1347.88
300,1.72,0.29,2.92,299.84,7.42,30.15,1240.86
301,1.38,0.18,2.6,187.16,7.45,32.6,1331.7
302,2.17,0.35,2.65,366.67,7.53,35.35,1344.34
303,2.3,0.3,2.31,313.4,6.94,28.3,1097.68
304,2.26,0.32,2.56,328.38,7.26,27,1104.49
305,1.97,0.32,2.18,265.68,5.82,24.45,1064.42
306,2,0.4,2.16,322.02,5.45,20.1,882.36
307,1.94,0.29,2.14,269.37,5.16,17.25,925.49
308,1.93,0.28,2.01,312.6,9.34,32,1425.8
309,1.81,0.34,2.28,273.58,6.39,24.45,1165.88
310,1.84,0.27,2.31,263.84,8.38,31.15,1558.72
311,1.8,0.33,1.89,256.13,5.85,21.4,1121.17
312,1.68,0.35,2.37,209.48,3.17,12.95,702.45
313,1.95,0.25,1.96,337.44,8.56,32.5,1492.22
314,1.41,0.24,2.05,257.87,2.67,11,564.47
315,1.97,0.25,1.5,339.46,4.24,13.45,780.2
316,1.61,0.26,1.93,205.93,5.1,19.05,1039.29
317,2.17,0.35,1.79,287.28,5.33,17.4,869.8
318,2.12,0.43,2.4,271.24,2.59,9.7,515.67
319,1.79,0.31,2.15,183.18,6.62,22.85,1026.39
320,1.76,0.27,2.36,238.49,5.23,21.9,856.71
321,2.03,0.52,2.54,202.08,6.98,24.5,1034
322,1.8,0.33,2.39,179.16,4.32,15.55,843.39
323,1.86,0.22,1.8,221.33,5.09,21.1,989.64
324,1.74,0.29,2.33,240.27,6.44,30.25,1243.99
325,1.84,0.25,2.11,236.7,4.49,19.75,925.53
326,2.03,0.33,2.3,233.46,5.01,22.65,956.44
327,1.74,0.34,2.15,287.94,6.71,24.3,1064.22
328,2.52,0.29,2.45,298.16,11.53,46.35,1698.35
329,2.05,0.38,1.98,375.47,5.11,18.05,859.08
330,2.22,0.41,2.5,195.73,5.67,33.6,1470.87
331,1.75,0.27,2.66,175.3,4.33,20.3,905.05
332,0.85,0.37,2.18,257.64,6.38,24.15,1050.04
333,2.63,0.37,2.17,409.69,4.33,14.5,708.9
334,2.02,0.29,2.99,297.82,11.42,49.75,2000.05
335,2.08,0.31,2.13,316.4,8.23,31.5,1250.92
336,1.97,0.21,2.06,292.96,8.89,34,1352.16
337,2.03,0.26,2.08,232.07,7.41,32.25,1525.59
338,2.53,0.34,2.75,341.07,9.75,43.6,1655.52
339,1.81,0.28,2.94,285.88,8.35,37.45,1472.35
340,2.21,0.39,2.31,276.14,5.67,25.45,1212.44
341,1.48,0.37,2.92,187.11,6.25,28.35,1140.96
342,2.15,0.3,2.44,331.67,10.77,42.35,1841.36
343,1.85,0.24,2.5,235.53,6.21,27,1215.03
344,2.02,0.44,2.81,267.47,10.13,43.25,1677.4
345,1.97,0.41,2.9,217.67,6.85,31.45,1333.33
346,1.8,0.23,2.79,240.28,7.33,30.35,1401.07
347,1.63,0.36,3.1,118.48,6.14,25.6,1117
348,1.95,0.24,2.76,256.94,7.82,32.15,1492.78
349,1.88,0.32,1.99,306.66,7.55,30.8,917.37
350,1.91,0.3,2.17,304.7,7.73,29.2,1122.4
351,1.62,0.28,2.22,269.87,6.3,22.55,1093.73
352,1.67,0.22,1.88,208.63,5.6,21.55,1029.75
353,1.43,0.32,2.45,222.24,4.49,18.3,856.7
354,1.44,0.3,1.97,226.5,6.56,25.05,1048.55
355,1.24,0.33,2.3,210.38,8.08,30.25,1454.52
356,1.38,0.2,2.02,247.47,7.23,23.95,1169.29
357,1.49,0.27,2.36,250.53,5.25,21.15,1020.88
358,1.43,0.4,2.91,375.06,5.41,24.4,1018.69
359,1.36,0.22,2.46,273.33,8.77,37.3,1414.74
360,1.49,0.25,2.18,154.03,5.93,23.4,1222.67
361,1.32,0.2,1.95,314.73,7.34,28.4,1341.7
362,1.87,0.36,2.48,349.63,7.16,29.6,1180.9
363,2.78,0.36,2.35,239.23,4.66,16.9,851.29
364,1.61,0.26,2.04,258.07,8.57,31.25,1496.81
365,0.85,0.24,2.16,225.29,8.06,31,1297.34
366,1.86,0.45,2.48,292.87,4.26,15.1,825.6
367,2.14,0.56,2.18,308.06,3.57,12.95,639.16
368,1.49,0.41,2.46,238.36,6.57,23.9,1089.93
369,1.89,0.53,2.88,274.19,10.69,44.2,1740.1
370,1.01,0.38,2.19,277.54,4.81,19.15,858.73
371,1.07,0.32,2.4,228.21,6.05,25.05,1114.29
372,1.59,0.34,1.94,277.09,5.06,19.05,903.36
373,1.45,0.24,1.86,297.46,9.6,36.25,1742.7
374,1.5,0.34,2.6,232.72,6.74,26.45,1145.92
375,1.22,0.33,2.97,186.31,4.98,24.6,1144.12
376,0.99,0.33,2.84,180.83,5.34,24.95,1007.62
377,1.05,0.38,3.13,179.14,4.73,21.55,941.72
378,1.23,0.32,2.72,227.23,7.33,32.1,1247.38
379,0.99,0.41,2.3,212.61,6.33,23.6,1145.58
380,1.05,0.29,2.69,197.63,5.95,27,1138.66
381,0.68,0.27,3.08,207.3,6.87,26.05,1113.99
382,1.56,0.24,1.92,258.3,7.21,26.55,1337.67
383,1.81,0.28,2.95,211.87,3.75,20.3,824.38
384,2.18,0.54,1.86,337.13,6.37,24.85,990.76
385,2,0.3,2.15,363.88,10.9,36.65,1617.84
386,1.39,0.34,2.77,192.51,5.99,28.25,1284.12
387,1.63,0.31,2.47,252.59,8.16,31.8,1550.19
388,1.26,0.23,2.31,190.58,6.75,25.1,1242.06
389,1.93,0.37,2.29,310.76,2.97,10.6,609.83
390,1.53,0.26,2.18,264.19,7.19,26.45,1327.05
391,1.78,0.42,3.61,231.43,3.9,17.8,877.06
392,1.33,0.32,3.06,201.78,4.57,21.35,1034.76
393,1.46,0.27,2.47,261.59,6.15,24.5,1057.89
394,1.69,0.33,2.8,222.09,4.76,18.75,972.01
395,1.72,0.36,2.77,221.88,6.71,25.9,1107.19
396,1.69,0.21,2.61,281.89,4.57,19.65,941.18
397,1.88,0.3,1.99,328.57,7.42,29.6,1311.83
398,1.56,0.44,2.9,241.71,6.64,26.9,1037.94
399,1.6,0.27,1.77,258.98,8.14,28.6,1252.27
400,1.38,0.24,1.67,211.22,5.97,22.95,1034.8
401,1.4,0.24,1.82,242.03,6.76,22.95,1114.03
402,1.55,0.24,2.33,198.14,6.87,28.45,1304.32
403,1.69,0.42,1.89,224.63,6.85,25.15,1318.33
404,1.32,0.27,2.16,205.38,7,25.05,1191.45
405,1.25,0.24,2.02,213.58,8.41,31.15,1502.69
406,1.5,0.28,1.98,325.22,5.59,22.1,789.21
407,1.31,0.24,2.43,180.82,7.68,31,1250.26
408,1.35,0.21,2,237.74,5.48,22.7,1055.16
409,1.1,0.18,1.88,193.04,5.58,20.2,985.05
410,1.6,0.31,1.71,247.28,5.17,17.7,943.4
411,1.57,0.22,1.56,288.4,5.78,22.8,962.08
412,1.36,0.29,1.49,193.27,7.59,25.8,1317.97
413,1.41,0.23,2.19,227.14,7.76,30.5,1512.64
414,1.81,0.29,2.35,270.56,7.05,26.3,1150.8
415,1.48,0.27,1.59,224.33,5.48,19.9,1111.14
416,1.54,0.3,2.11,239.89,7.54,26.45,1289.72
417,1.51,0.42,1.88,292.21,5.08,18.85,769.54
418,1.51,0.32,2.45,247.82,7.34,32.4,1410.8
419,1.77,0.32,2.22,210.54,5.57,26.55,1228.72
420,1.18,0.28,2.1,215.98,6.08,24.55,1242.02
421,1.25,0.5,2.85,167.72,5.89,23.8,1110.64
422,1.71,0.38,2.11,232.69,5.62,24.85,1057.65
423,1.62,0.32,2.37,186.08,5.89,25.75,1226.36
424,1.56,0.32,2.88,217.88,3.68,16.35,908.05
425,1.55,0.39,2.3,277.74,5.85,23.8,972.21
426,1.55,0.24,2,277,7.2,30.7,1254.23
427,1.48,0.33,2.2,249.93,5.87,24.7,1170.45
428,1.15,0.26,1.96,224.57,6.75,29.05,1110.51
429,1.46,0.32,2.04,208.28,5.39,20.7,945.05
430,1.71,0.43,2.13,230.48,4.72,19.4,971.67
431,1.81,0.46,2.39,246.42,6.88,24.95,1058.7
432,1.92,0.43,2.01,314.86,8.4,30.1,1237.27
433,1.77,0.46,2.49,282.83,5.14,21.75,922.04
434,1.86,0.41,2.57,287.7,5.02,18.9,949.34
435,2.82,0.43,1.95,378.38,4.62,16.75,782.79
436,2.03,0.32,2.34,326.54,5.13,20.15,742.96
437,1.91,0.4,2.58,295.39,4.62,20.35,803.53
438,1.86,0.33,2.17,346.34,14.53,58.5,2294.85
439,1.59,0.24,2.21,258.27,8.62,34.55,1606.5
440,1.68,0.34,2.65,234.92,8.18,36.75,1586.94
441,1.58,0.31,2.06,233.76,5.59,22.75,1090.03
442,1.84,0.43,2.63,243.04,7.94,31.95,1266.93
443,1.95,0.25,2.81,285.37,8.31,35.35,1361.83
444,1.85,0.38,2.59,229.72,5.18,18.75,1050.03
445,1.36,0.37,2.06,220.72,7.72,30.15,1307.88
446,1.36,0.29,1.96,217.32,7.15,24.85,1143.26
447,1.86,0.31,2.58,228.41,5.36,22.4,814.8
448,1.46,0.53,2.3,256.99,5.53,22.15,939.09
449,1.19,0.25,2.5,117.24,3.56,15.7,838.4
450,1.48,0.33,2.21,204.49,5.78,24.5,1115.45
451,1.34,0.39,2.54,159.69,4.61,18.05,926.71
452,1.55,0.28,1.91,254.57,6.63,23.45,1014.04
453,1.53,0.34,2.3,245.14,6.47,21.45,1078.12
454,1.98,0.34,2.65,195.72,7.35,29.25,1230.95
455,1.65,0.37,2.08,237.89,5.12,19.7,986.44
456,1.81,0.26,2.5,215.06,7.66,30.9,1318.86
457,1.95,0.31,2.52,236.49,5.45,22.15,960.52
458,1.91,0.31,2.42,262.9,6.67,26.85,1200.68
459,2.27,0.54,2.29,337.14,8.12,33.3,1342.45
460,1.97,0.35,1.75,326.06,6.78,25.4,1115.62
461,1.67,0.4,1.73,232.49,7.26,24.4,1260.53
462,1.64,0.37,2.19,237.74,5.58,19.75,978.04
463,2,0.31,2.02,256.94,6.74,22.8,1134.92
464,2.02,0.31,2.23,290.02,8.41,29.35,1454.35
465,2,0.3,2.43,261.67,6.38,24.85,1107.12
466,1.57,0.37,2.29,157.48,4.78,21.3,1119.29
467,2.11,0.28,2.01,231.44,7.33,29.1,1167.59
468,1.92,0.33,2.18,209.28,7.01,26.85,1366.2
469,1.77,0.33,1.51,260.12,4.92,16.2,745.51
470,2,0.32,2.24,281.63,6.08,24.85,979.27
471,1.92,0.35,2.27,251.62,8.58,35.85,1552.36
472,1.68,0.25,2.14,227.51,6.71,29.65,1236.41
473,1.65,0.26,2.53,216.79,7.74,34.65,1405.94
474,1.67,0.23,2.12,229.22,6.81,29.1,1484.43
475,1.76,0.32,2.17,251.02,6.97,27.45,1217.43
476,2.01,0.5,2.27,242.93,5.94,27.8,1260.02
477,1.75,0.29,1.49,270.48,4.41,15.2,793.66
478,2.25,0.39,3,263.57,5.39,27.75,1290.94
479,2.04,0.45,2.33,308.71,6.92,27.95,1237.55
480,1.5,0.25,2.46,200.58,7.59,33,1437.21
481,1.81,0.33,1.99,234.42,5.75,22.6,1152.11
482,1.76,0.37,2.07,172.58,5.39,24.8,1180.44
483,1.92,0.3,1.77,294.29,4.24,16.85,649.67
484,1.94,0.49,2.7,251.31,5.02,24.8,1077.83
485,1.83,0.34,2.23,206.81,6.74,26.45,1224.8
486,1.75,0.29,1.99,198.56,6.19,25.15,1223.32
487,2.08,0.35,1.76,365.63,3.79,13.2,602.45
488,1.88,0.24,2.6,248.42,7.17,30.8,1131.29
489,2.03,0.5,2.05,214.48,7.82,28.3,1273.29
490,2.79,0.28,2.54,365.9,7.42,28.3,1452.65
491,2.4,0.38,3,335.64,9.41,39.95,1681.23
492,2.53,0.3,2.3,490.01,10.83,39.65,1696.95
493,2,0.28,3.16,326.3,12.62,57.75,1656.35
494,2.18,0.32,3.02,353.17,8.27,42.45,1492.79
495,2.38,0.33,2.95,406.06,11.49,50.75,1665.9
496,2.32,0.38,2.63,352.03,7.82,38.75,1495.22
497,2.4,0.34,2.53,368.21,7.19,29.6,1278.55
498,2.2,0.3,2.96,314.62,7.72,32.4,1336.38
499,2.55,0.32,1.86,412.53,5.59,21.5,956.28
500,2.21,0.38,2.13,314.76,10.68,37.75,1412.21
501,2.52,0.31,2.93,395.22,8.75,38.7,1513.15
502,2.35,0.34,2.49,359,10.7,41.8,1763.46
503,2.16,0.42,2.57,370.92,12.83,62.05,2055.88
504,2.59,0.32,2.35,462.88,8.18,32,1040.38
505,1.79,0.21,2.03,253.8,9.22,36,1674.3
506,2.87,0.38,2.78,362.97,6.26,28.05,1042.41
507,2.74,0.39,2.4,380.81,7.99,33.7,1304.39
508,2.35,0.29,2.44,399.26,9.59,49.1,1765.83
509,2.53,0.3,3.05,332.42,6.29,32.25,1194.91
510,2.53,0.32,2.17,452.87,8.36,34.5,1356.23
511,3.13,0.41,2.79,543.54,5.41,24.8,1006.07
512,2.05,0.29,2.71,214.32,8.62,40.8,1815.48
513,2.55,0.33,2.6,349.24,6.57,30.25,1379.12
514,2.02,0.33,2.39,351.16,9.41,44.45,1571.54
515,2.06,0.31,2.09,348.69,10.26,44.5,1747.5
516,2.02,0.26,2.32,367.86,13.02,49.65,1922.19
517,3.14,0.33,2.04,571.69,7.61,28.6,1247.2
518,2.13,0.23,1.72,335.96,9.92,43.65,1694.44
519,2.73,0.33,2.77,404.57,8.74,39.9,1377.97
520,2.4,0.3,2.75,372.26,13.74,60.95,2368.89
521,2.58,0.27,2.5,326.49,6.73,31.05,1232.62
522,3.25,0.33,2.06,508.84,11.27,40.7,1729.28
523,2.6,0.32,2.41,347.1,9.62,41.9,1765.43
524,2.46,0.27,3.33,371.89,7.06,36.65,1255.82
525,2.24,0.22,3.64,428.56,6.58,32,1119.51
526,2.69,0.28,2.34,484.06,6.42,31,1041.94
527,2.97,0.35,2.49,453.76,7.82,29.65,972.4
528,2.83,0.28,2.66,416.43,10.65,51.6,1723.64
529,2.29,0.31,2.46,412.77,9.43,37.7,1564.24
530,2.25,0.21,3.58,447.22,9.08,44.45,1590.88
531,1.63,0.2,2.64,446.82,9.79,48.7,1679.53
532,2,0.19,2.33,422.21,6.29,31.4,1204.92
533,1.55,0.16,2.63,361.22,8.69,40.45,1606.24
534,3.01,0.36,3.06,398.19,9.75,57.85,1649.64
535,2.33,0.29,2.1,465.41,9.4,50.7,1796.22
536,1.89,0.23,2.95,404.16,7.24,31.3,1254.45
537,1.88,0.31,2.65,332.54,8.88,36.2,1359.01
538,2.49,0.35,2.84,392.26,10.65,44.9,1625.86
539,3.21,0.54,2.72,439.02,4.36,18.6,776.04
540,2.66,0.3,2.41,294.19,7.62,33.05,1551.98
541,2,0.38,2.31,284.26,8.32,30.25,1313.82
542,2.37,0.4,3.68,397.9,10.57,47.85,1763.52
543,3.02,0.48,2.86,404.44,9.53,37.65,1305.12
544,2.65,0.41,2.78,306.67,8.94,37.25,1492.77
545,2.01,0.28,1.95,380.42,5.82,26.1,809.87
546,2.54,0.3,3.17,321.23,6.74,38.6,1384.19
547,2.71,0.35,2.49,331.98,8.5,34.6,1470.59
548,2.57,0.31,2.16,437.57,10.29,36.75,1728.46
549,2.91,0.38,2.49,435.49,7.96,34.85,1144.95
550,2.49,0.33,2.63,303.26,6.17,29.45,1418.6
551,2.98,0.34,2.01,412.63,7.39,32.4,1265.57
552,3.04,0.41,2.29,559.48,9.75,39.25,1542.86
553,2.65,0.46,2.02,360.23,9.51,36.75,1652.53
554,2.6,0.35,2.45,391.13,9.33,41.8,1509.73
555,2.84,0.32,2.23,454.26,6.26,28.8,1184.88
556,2.78,0.34,3.82,459.42,7.99,40.25,1154.1
557,2.58,0.28,2.3,470.91,7.97,38.25,1290.72
558,2.52,0.34,3.2,397.36,8.88,39.75,1477.76
559,2.47,0.31,2.52,307.97,7.69,32.5,1556.13
560,2.27,0.39,2.18,291.06,8.05,31.4,1257.85
561,3.17,0.41,1.96,343.29,4.31,18,758.66
562,2.25,0.24,2.15,391.78,10.45,42.3,1540.86
563,2.3,0.3,2.2,347.54,8.55,34.5,1429.36
564,2.37,0.27,2.77,339.13,11.96,57.95,1960.59
565,2.64,0.29,2.25,441.37,7.47,28,1384.94
566,2.18,0.26,2.31,367.58,7.86,35.25,1382.06
567,2.78,0.31,2.39,524.07,12.81,52.3,1775.63
568,2.87,0.36,1.96,386.73,6.94,26.55,1216.37
569,3.09,0.4,2.85,401.67,9.12,41.65,1591.72
570,2.55,0.34,2.6,355.69,7.82,32.95,1530.57
571,2.98,0.4,2.93,374.72,11.71,48.55,1635.24
572,2.29,0.27,3.08,356.98,9.59,46.4,1668
573,2.82,0.27,2.42,496.32,6.99,31.55,1162.68
574,2.31,0.25,2.51,386.9,12.05,49.55,1848.72
575,2.37,0.35,2.89,357.31,7.46,35.15,1223.39
576,3.04,0.32,2.77,440.56,7.05,32.65,1141.16
577,2.31,0.23,2.67,352.67,4.38,18.75,886.68
578,2.31,0.21,2.76,391.59,8.05,40.7,1442.84
579,2.93,0.33,2.25,383.04,7.95,38.9,1537.96
580,2.51,0.44,2.67,359.93,6.83,42.4,1427.77
581,2.75,0.36,2.96,391.51,7.33,27.65,1150.75
582,2.18,0.22,2.41,411.36,9.95,47.9,1782.14
583,2.99,0.4,2.91,429.29,9.91,49.15,1667.69
584,2.51,0.26,2.6,439.52,10.48,50.35,1718.25
585,2.36,0.41,3.95,399.33,11.05,51.3,1781.21
586,2.55,0.33,2.38,391.47,8.29,33.15,1458.87
587,2.82,0.37,2.11,449.63,5.23,19.7,884.57
588,2.81,0.41,2.9,440.41,9.26,42.6,1563.6
589,2.04,0.25,2.52,374.43,10.44,41.35,1762.97
590,1.82,0.28,2.15,366.78,11.22,51,1742.18
591,1.49,0.21,2.26,356,4.82,24.85,861.77
592,1.48,0.23,3,283.8,6.47,29.3,1224.54
593,2.56,0.43,2.43,419.67,5.97,22.1,922.71
594,2.76,0.44,2.44,326.12,9.69,38.9,1487.2
595,2.42,0.33,2.35,519.93,6.95,30.95,889.32
596,2.57,0.43,2.33,460.86,5.98,25.05,754.35
597,2.44,0.32,2.48,445.73,6.52,25.95,1143.84
598,3.28,0.45,2.55,536.76,6.74,28.55,1094.71
599,2.41,0.26,2.13,368.9,7.63,36.5,1401.63
600,2.08,0.28,2.14,512.91,11.52,43.05,1750.09
601,1.91,0.26,2.42,346.56,7.69,32.8,1341.04
602,2.88,0.33,2.32,386.94,6.53,28.05,1260.15
603,2.17,0.22,2.2,513.81,11.59,48.9,1777.56
604,2.32,0.25,2.12,404.52,6.65,33.5,1310.09
605,2.6,0.48,3.11,406.5,6.51,32.7,1110.77
606,2.96,0.32,2.23,558.3,6.89,26.25,1018.35
607,2.1,0.41,2.55,315.01,3.97,15.25,718.05
608,1.69,0.21,2.62,379.46,7.74,34.9,1600.07
609,2.24,0.29,2.3,454.04,10.28,39.2,1766.17
610,2.95,0.29,2.47,333.9,9.69,49.85,1925.37
611,3.04,0.47,2.4,376.27,12.52,57.1,1915.68
612,3.93,0.36,2.13,556.67,10.64,37.85,1503.42
613,3.03,0.38,2.34,399.24,10.09,43.25,1582.25
614,3.38,0.32,2.43,480.23,10.89,52,1754.56
615,3.54,0.37,2.14,513.97,6.73,26.85,1169.38
616,3.05,0.31,2.61,434.53,10.44,44.55,1869.47
617,2.86,0.38,2.61,372.51,8.87,39.75,1879.23
618,2.7,0.28,2.6,446.86,10.54,42.4,1542.22
619,2.73,0.33,2.22,405.58,5.36,26.05,901.53
620,2.24,0.18,2.39,364.56,7.59,37,1546.94
621,2.72,0.25,2.25,351.56,7.05,36.45,1249.67
622,2.56,0.25,3.44,393.17,8.05,39.2,1460.11
623,2.48,0.36,2.67,332.42,11.25,55.4,1983.76
624,2.55,0.28,3,422.4,9.91,46.4,1593.76
625,2.23,0.23,2.52,340.56,8.69,39,1616.94
626,2.65,0.29,2.37,308.14,6.46,29.85,1409.85
627,3.09,0.25,2.03,417.49,7.53,38.25,1279.34
628,3.03,0.44,2.23,410.98,8.97,40.55,1414.82
629,2.64,0.32,2.55,417.27,8.63,46,1348.93
630,3,0.28,2.8,430.21,8.2,37.2,1298.35
631,2.89,0.37,2.12,408.57,3.71,12.6,585.85
632,3.11,0.41,2.23,430.7,4.16,17.45,739.83
633,2.77,0.38,2.27,391.77,5.48,20.55,983.6
634,2.92,0.35,2.84,337.29,8.01,38.9,1700.53
635,3.28,0.36,2.68,476.66,7.5,30.4,1189.99
636,2.63,0.3,2.57,405.97,6.47,25.6,985.35
637,2.59,0.38,2.06,449.61,5.69,20.7,1002.57
638,3.05,0.28,2.94,390.96,9.13,45.55,1945.03
639,2.75,0.24,1.89,364.92,8.75,35.1,1583.29
640,2.68,0.36,1.6,519.62,5.44,20.45,811.55
641,3.52,0.37,1.6,452.83,4.54,16.2,705.46
642,2.62,0.33,1.53,483.54,4.78,16.35,812.23
643,3.15,0.37,2.1,340.99,2.88,11.85,540.96
644,3.14,0.43,2.35,544.44,5.31,22.4,844.16
645,2.4,0.32,1.91,384.99,7.57,27.05,1160.91
646,3.08,0.35,1.47,420.01,4.55,16.4,830.06
647,2.45,0.32,2.32,449.93,7.95,31.25,1369.17
648,3.63,0.36,2.43,415.39,4.42,21.5,933.62
649,3.07,0.29,2.21,589.07,12.11,51.75,1944.9
650,2.87,0.29,2.55,467.34,7.37,35.4,1176.29
651,2.66,0.3,3,387.5,8.41,39.6,1412.88
652,3.01,0.33,2.87,457.04,8.36,37.8,1343.14
653,2.72,0.4,2.37,421.41,6.22,25.5,1190.42
654,2.64,0.33,2.13,379.11,6.42,23.1,1100.87
655,2.8,0.4,2.16,382.18,7.36,28.8,1344.61
656,2.66,0.26,1.98,361.69,6.58,28.05,1344.28
657,3.14,0.4,2.54,317.89,5.31,22.45,1150.5
658,2.7,0.34,2.26,423.89,3.15,11.3,602.78
659,2.75,0.38,2.06,396.27,8.35,30.55,1408.28
660,3.2,0.41,3.02,404.39,10.08,46.15,1933.14
661,2.99,0.42,2.42,419.24,9.45,38.6,1543.7
662,3.15,0.34,2.25,474.3,9.34,40.95,1544.28
663,3.15,0.45,2.49,417,9.15,36.15,1440.69
664,2.42,0.31,2.46,372.57,7.24,30.25,1409.41
665,3.5,0.4,1.98,544.19,10.24,42.4,1663.7
666,2.6,0.38,3.21,398.77,8.98,50.6,1527.79
667,2.51,0.29,2.07,397.91,7.9,34.1,1375.4
668,2.54,0.31,3.25,370.64,6.08,36.55,1409.41
669,2.12,0.21,2.24,330.8,9.7,40.1,1309.95
670,2.65,0.38,3.19,388.91,9.27,50.35,1472.36
671,2.57,0.26,2.66,433.86,7.14,29.5,1185.36
672,2.27,0.33,1.92,421.78,8.57,40.05,1567.01
673,1.99,0.25,2.18,333.31,7.31,33.2,1283.53
674,2.18,0.4,4.33,272.13,5.54,35,1291.6
675,2.97,0.35,2.56,486.49,10.31,44.9,1842.63
676,2.82,0.28,3.08,465.53,8.53,48.2,1783.22
677,2.8,0.33,2.76,400.34,9.71,42.45,1756.26
678,3.04,0.3,2.57,429.06,7.57,35.25,1593.55
679,2.04,0.43,3.2,298.04,6.54,29.2,1171.17
680,1.71,0.24,2.19,272.9,7.65,30.3,1495.58
681,1.96,0.33,2.29,198.41,1.54,6.5,442.31
682,1.97,0.28,2.49,313.31,7.37,34.2,1334.95
683,2.57,0.31,2.64,418.63,4.76,16.75,872.99
684,1.71,0.26,2.12,326.76,7.53,31.5,1208.93
685,2.24,0.4,2.48,418.79,6.48,26.25,1087.29
686,1.72,0.36,2.76,212.43,3.79,15,827.84
687,2.55,0.49,2.41,412.84,5.16,21.4,831.46
688,2.83,0.33,2.89,363.61,7.69,35.45,1311.18
689,2.72,0.29,2.6,348.72,6.81,29.4,1294.74
690,2.54,0.27,2.06,458.67,8.08,29.85,1305.13
691,2.47,0.41,2.67,416.03,2.59,11.5,429.74
692,3,0.37,1.82,434.94,3.98,17.8,826.19
693,2.79,0.32,2.54,447.62,7.48,30.5,1013.4
694,3.29,0.41,1.86,494.02,5.49,19.85,874.45
695,2.51,0.39,2.35,439.67,5.81,23.6,1006.39
696,2.83,0.37,1.94,575,6.48,22.15,838.86
697,2.09,0.22,2.4,354.16,4.94,23.55,972.67
698,2.48,0.3,1.94,402.27,6.77,28.25,1131.72
699,2.51,0.3,2.52,358,5.88,26.5,1198.03
700,2.38,0.27,1.93,475.52,8.98,35.75,1438.57
701,2.64,0.35,2.78,383.13,8.19,31.75,1264.85
702,2.46,0.29,1.64,427.7,7.56,26,1171.62
703,2.64,0.31,2.43,404.2,7.94,33.7,1269.66
704,2.67,0.28,1.72,414.61,8.09,32.95,1479.3
705,2.49,0.27,2.1,369.02,6.62,22.6,1186.61
706,2.6,0.32,2.31,503.76,8.15,29.95,1227.94
707,2.36,0.29,2.9,323.24,7.71,36.75,1599.12
708,3.06,0.48,2.39,367.61,7.09,27.65,1263.99
709,2.67,0.36,2.32,412.57,6.06,27.65,1118.05
710,2.78,0.35,2.34,371.16,9.18,35.55,1575.39
711,3.03,0.35,2.89,536.66,8.51,38.2,1430.94
712,2.96,0.29,2.34,487.64,8.69,33.8,1447.51
713,2.41,0.32,2.1,354.82,6.17,27.85,1149.19
714,2.78,0.29,2.01,471.52,6.12,28.95,1123.61
715,2.07,0.34,1.98,377.08,6.04,27.85,937.73
716,2.23,0.29,2.46,425.38,7.23,30.4,994
717,2.67,0.31,2.77,459.07,8.04,28.15,1232.52
718,2.62,0.38,3.87,347.03,5.55,28.1,1196.87
719,2.27,0.26,2.68,465.63,7.32,35.25,1101.58
720,2.17,0.24,2.76,483.47,6.44,28.9,957.4
721,2.84,0.39,2.93,358.6,6.12,28.95,1087.92
722,2.18,0.25,2.22,351.41,7.18,33.95,1376
723,2.79,0.27,1.9,534.63,10.08,40.65,1426.71
724,2.25,0.36,2.3,366.22,9.05,39,1452.79
725,2.3,0.27,2.18,409.96,9.71,43,1569.3
726,2.28,0.33,2.91,282.04,8.26,34.55,1064.29
727,2.37,0.35,2.46,324.63,5.57,20.2,944.26
728,2,0.29,2.11,381.32,7.41,30,1090.35
729,2.28,0.28,2.02,333.4,8.15,34.7,1089.98
730,2.25,0.5,2.64,236.19,4.31,17.7,850.94
731,2.26,0.35,2.45,412.12,7.96,28.25,1182.86
732,2.25,0.3,3.44,404.9,6.13,26.75,1279.86
733,2.08,0.36,2.49,299.28,8.72,35.85,1520.14
734,2.2,0.26,2.61,326.42,5.27,23.45,979.88
735,1.88,0.26,2.63,329.52,9.27,40.2,1799.29
736,1.91,0.3,2.24,306.22,4.34,17.4,846.08
737,2.5,0.34,2.66,348.49,2.16,7.9,1059.88
738,2.47,0.34,2.01,324.09,5.43,21.25,1085.13
739,2.78,0.31,2.18,511.02,11.95,42.7,1854.67
740,3.33,0.55,2.47,546.99,5.59,20.95,897.29
741,3.2,0.36,1.59,552.06,4.21,14.75,633.25
742,2.98,0.32,1.85,419.53,4.26,14.2,623.65
743,2.63,0.38,2.48,396.56,9.76,39,1731.47
744,2.02,0.25,2.07,387.91,6.52,25.15,1269.49
745,2.93,0.34,2.36,454.2,7.57,29.85,1284.09
746,3,0.35,2.66,377.87,7.26,34.65,1074.55
747,1.63,0.23,2.13,424.24,10.16,45.35,1796.87
748,2.3,0.29,1.95,360.97,6.59,24.01,1163.24
749,2.6,0.47,2.54,418.69,5.72,20.5,1034.15
750,1.39,0.18,2.02,248.54,6.64,26.05,1305.13
751,2.01,0.28,2.46,391.67,7.26,28.65,1312.44
752,2.7,0.29,2.32,298.11,8.23,35.95,1429.29
753,2.93,0.32,2.26,541.96,10.03,39.2,1478.57
754,3.55,0.39,2.4,516.99,8.83,36.6,1482.62
755,2.78,0.39,2.54,461.56,11.1,44.1,1858.16
756,2.47,0.28,2,377.66,5.81,20,1108.3
757,3,0.44,2.92,380.08,4.77,19.45,745.8
758,2.6,0.32,2.49,376.36,7.35,31.15,1341.43
759,2.65,0.35,2.55,472.34,4.43,19.1,776.65
760,2.68,0.34,2.08,445.61,8.45,31.55,1464.88
761,2.57,0.31,2.71,519.34,9.54,44.65,1683.46
762,2.37,0.34,3.14,390.99,6.01,28.6,1190.11
763,2.78,0.33,2.52,479.58,9.93,41.1,1832.6
764,3.1,0.62,2.81,448.06,7.92,37.95,1376.63
765,2.13,0.25,2.51,288.38,7.64,31.8,1438.17
766,2.37,0.26,2.59,389.86,7.32,30.65,1137.36
767,2.12,0.2,2.12,327.53,8.18,38.9,1636.02
768,2.53,0.32,2.3,400.6,8.01,33.4,1254.44
769,2.98,0.42,2.98,375.53,5.02,21.35,778.36
770,2.5,0.49,2.64,326,4.93,23.3,1116.97
771,2.69,0.3,2.63,459.6,8.48,35.65,1445.71
772,3.22,0.33,1.67,596.94,7.57,30.1,1096.52
773,2.67,0.33,2.23,397.79,9.46,40.1,1701.2
774,2.83,0.36,1.96,305.4,3.27,12.18,634.37
775,2.86,0.28,2.32,221.7,3.65,15.84,857.76
776,2.97,0.29,1.56,403.4,6.02,23.05,973.21
777,3.09,0.29,2.28,371.7,4.9,20.56,1001.8
778,2.89,0.36,2.21,367.5,7.22,27.84,1001.42
779,3.59,0.39,2.29,433.7,4.81,18.97,825.32
780,3.63,0.39,2.42,492.6,4.38,18.77,679.17
781,3.1,0.3,2.16,446.3,6.43,23.94,1144.35
782,3.3,0.3,1.85,377.6,4.25,15.69,767.41
783,2.68,0.26,1.9,298,2,7.88,464.94
784,3.42,0.34,2.4,494.5,4.19,16.67,686.83
785,3.1,0.28,1.98,390.3,3.1,11.67,584.43
786,3.13,0.27,2.44,402.3,3.4,12.57,610.27
787,2.59,0.28,2.13,333.2,4.07,15.85,623.06
788,3.81,0.34,2.09,483.4,6.38,26.02,1060.98
789,3.65,0.32,2.51,451.9,5.89,22.1,857.27
790,2.76,0.24,1.94,354.6,7.74,30.58,1284.77
791,3.42,0.29,2.35,421.7,3.8,16.13,731.14
792,3.3,0.3,2.59,320.4,3.03,12.54,685.31
793,2.97,0.28,2.2,426.2,8.79,33.78,1552.64
794,2.95,0.2,3.32,424.8,6.37,31.76,1081.14
795,3.29,0.28,2.75,268.4,8.45,20.04,1068.79
796,3.22,0.27,2.09,478.7,10.37,39.16,1736.43
797,3.07,0.25,2.01,398.4,3.59,13.2,727.48
798,3.22,0.28,2.15,461.1,8.74,33.25,1566.31
799,2.8,0.26,2.3,336.2,6.49,28.38,1206.7
800,3.06,0.3,2.36,408.9,8.37,37.3,1370.54
801,3.02,0.25,2.28,424.6,8.66,35.55,1662.44
802,3.43,0.3,2.31,444.2,9.28,37.05,1432.32
803,3,0.24,1.76,425.7,7.84,31.31,1179.16
804,2.92,0.24,2.6,353.5,6.58,29.77,1228.79
805,2.6,0.26,2.05,432.8,9.46,36.85,1682.02
806,2.93,0.22,2.59,405.5,6.01,26.63,971.28
807,2.84,0.26,1.8,429.1,5.76,22.13,974.84
808,3.25,0.32,2.05,439.8,5.58,25.07,1091.71
809,3.03,0.28,2.15,479.9,9.42,34.18,1622.21
810,2.91,0.3,2.09,469.6,7.87,28.87,1429.57
811,2.9,0.27,2.29,372.8,2.93,9.09,671.35
812,2.73,0.27,1.92,459.2,12.95,52.78,2081.51
813,3.1,0.24,2.45,394.1,7.53,32.02,1364.13
814,2.55,0.23,2.46,307.5,8.12,32.68,1398.97
815,3.29,0.28,1.63,412.6,4.05,16.26,843.12
816,2.79,0.32,1.76,333.8,4.18,15.5,750.08
817,3.61,0.38,1.72,558.6,5.01,19.86,829.35
818,2.89,0.28,2.42,397.7,2.88,11.95,534.61
819,2.96,0.28,2.15,455.7,7.6,29.91,1380.15
820,3.09,0.25,2.22,398.1,5.82,22.82,906.42
821,3.14,0.36,1.57,469.5,4.33,14.88,708.37
822,3.1,0.28,1.79,318.5,5.75,20.84,817.95
823,3.02,0.31,1.41,432.8,5.42,21.76,901.15
824,3.1,0.29,2.11,293.5,3,10.28,522.9
825,2.96,0.25,1.28,403.6,3.59,12.79,669.02
826,3.09,0.25,2.38,388.2,5.75,24.4,1058.18
827,3.33,0.3,1.4,527.4,3.18,12.3,598.75
828,2.84,0.28,1.67,434.7,4.72,18.76,775.97
829,2.53,0.19,2.28,363.5,4.63,21.71,793.47
830,2.93,0.28,2.06,457.5,9.31,35.86,1575.08
831,2.91,0.24,2.09,397.4,2.27,9.03,473.44
832,3.2,0.26,2.01,446,8.33,34.73,1429.66
833,3.05,0.28,2.25,374.7,5.09,20.39,911.81
834,3,0.26,2.04,444,7.82,30.21,1303.89
835,3.28,0.36,2.34,416.1,4.43,17.7,878.38
836,3.31,0.26,2.34,493.1,7.88,30.57,1261
837,3.05,0.22,3.12,332.6,3.83,17.84,790.48
838,3,0.22,1.91,325,7.03,27.88,1278.46
839,2.75,0.28,2.1,389.8,5.48,21.6,846.37
840,3,0.23,2.19,473.5,9.49,35.79,1423.68
841,2.62,0.26,1.99,454.5,7.82,32.07,1221.91
842,2.61,0.24,2.11,358.7,6.16,25.16,1091.83
843,3.1,0.28,2.55,434.4,8.07,33.12,1484.23
844,3.2,0.3,1.97,359.8,5.86,28.03,1216.84
845,2.95,0.29,1.79,422.3,5.37,19.59,839.14
846,2.86,0.25,1.41,399.6,7.02,25.49,1076.76
847,3.13,0.26,2.06,389.7,6.15,26.81,962.29
848,2.8,0.26,1.84,463.7,5.03,23.42,662.93
849,3.03,0.32,2.15,503.9,7.52,31.73,1214.18
850,3.11,0.24,1.86,385.9,7.01,26.74,1192.47
851,3.21,0.32,1.81,439.4,7.26,31.56,1127.95
852,3.39,0.29,2.81,480.8,8.8,41.87,1470.99
853,2.96,0.29,1.87,496.6,5.91,19.54,835.32
854,2.66,0.27,2.24,334.1,9.5,33.1,1658.92
855,2.8,0.34,2.51,398.53,5.73,26.1,1011.13
856,3.13,0.29,1.73,428.6,8.14,33.06,1331.24
857,2.79,0.23,2.71,337.7,4.26,17.47,938.6
858,3.23,0.28,1.49,469.9,4.04,13.72,688.05
859,3.51,0.25,1.45,443.1,3.47,13.17,704.09
860,3.15,0.26,2,346.1,5.54,22.61,1048.16
861,3.33,0.24,2.36,457.3,3.41,14.31,691.55
862,2.84,0.26,1.78,280,5.12,20.48,948.31
863,3.5,0.27,2.12,448.3,5.9,20.85,981.58
864,3.7,0.33,2.51,451.5,6.69,29.39,1187.41
865,3.43,0.29,2.03,462.9,7.33,30.8,1022.99
866,2.54,0.28,2.09,237.3,6.54,26.15,1121.14
867,3.24,0.28,1.81,430.6,2.84,10.83,503.43
868,3.49,0.36,1.93,499.6,5.04,19.03,877.14
869,2.89,0.24,1.68,419.9,4.82,17.6,812.41
870,3.3,0.36,2.26,388.8,3.75,14.72,704.78
871,2.56,0.17,2.09,353.2,4.49,20.91,954.65
872,3.22,0.22,1.83,420.3,8.57,33.22,1448.78
873,3.18,0.31,2.58,436.1,1.92,9.95,355.08
874,3.03,0.23,1.54,408.5,6.12,25.6,1078.75
875,2.78,0.27,1.58,371.1,5.3,19.13,916.35
876,2.99,0.28,1.56,447.3,6.44,26.03,1045.61
877,2.89,0.27,1.91,479.9,3.59,12.74,613.27
878,2.9,0.25,1.55,429,11.31,45.21,1639.36
879,3.37,0.28,2.24,433.5,4.27,17.81,784.87
880,3.34,0.28,2.56,455,5.03,25.34,1003.74
881,2.77,0.23,2.06,383.1,5.76,23.39,1064.54
882,3.11,0.28,1.96,387.8,5.5,23.36,1045.71
883,2.8,0.27,2.01,424.4,6,22.78,948.71
884,3.15,0.28,1.69,496.3,4.5,16.95,745.96
885,3.05,0.24,2.03,399.7,9.74,43.86,1528.72
886,3.1,0.23,2.16,397.2,9.05,37.52,1539.3
887,3.11,0.24,2.03,485.1,10.6,49.07,1684.85
888,3.26,0.34,1.91,509,7.52,30.74,1137.11
889,3.03,0.32,1.56,470.4,6.76,26.6,867.92
890,3.11,0.28,1.94,442.9,6.4,26.73,1145.78
891,2.99,0.24,1.95,550.7,6.45,26.16,822.04
892,3.13,0.25,2.13,462.1,7.95,35.22,1204.09
893,3.29,0.29,1.91,508.9,4.08,13.99,691.59
894,3.06,0.26,1.96,399,7.11,24.09,1272.49
895,2.9,0.23,2.28,421.9,5.86,26.67,1087.69
896,3.29,0.3,2.2,444.8,9.45,35.87,1440.73
897,3.28,0.23,2.33,431.5,7.36,31.95,1136.28
898,3.45,0.29,1.89,558.7,10.49,44.76,1616.3
899,3.06,0.29,2.66,283.7,3.27,15.37,796.36
900,2.77,0.24,2.71,331.7,7.03,32.11,1454.24
901,2.92,0.27,2.16,295.2,5.58,26.68,1206.04
902,2.94,0.27,2.11,380.3,4.48,17.79,890.57
903,2.97,0.28,2.2,362.6,5.72,22.92,1117.24
904,2.98,0.29,1.99,354.6,4.97,19.41,957.94
905,2.62,0.22,2.3,266.9,3.77,18.06,887.69
906,2.79,0.23,1.71,423,10.32,41.17,1797.71
907,2.63,0.22,2.2,253.7,7.8,32.81,1233.11
908,3.05,0.23,1.75,496.1,7.57,28,1104.74
909,3.16,0.21,1.99,448.3,10.76,44.29,1726.11
910,2.96,0.24,2.06,393.2,6.86,27.29,1317.41
911,3.26,0.21,2.36,368.8,5.47,26.09,1078.25
912,3.5,0.3,1.88,497.3,6.99,29.76,1120.9
913,2.91,0.25,2.56,420.7,13.33,57.53,2028.24
914,3.17,0.28,2.22,397.8,7.9,30.92,1478.42
915,3.08,0.26,2.78,367.4,7.1,34.26,1323.36
916,3.14,0.24,2.22,420.3,7.1,27.91,1354.83
917,3.09,0.28,2.25,443.8,7.52,28.87,1378.85
918,3.45,0.3,2.23,341.1,5.85,23.04,1193.37
919,3.63,0.28,2.37,404.9,7.37,35.1,1297.02
920,3.26,0.32,2.25,385.8,5.39,20.4,1043.72
921,3.49,0.26,2.94,393.9,6.99,31.17,1357.1
922,3.43,0.25,2.47,425,6.38,30,1219.26
923,3.22,0.25,2.42,342.7,7.82,31.45,1334.42
924,3.48,0.28,1.94,423.9,8.35,32.33,1453.86
925,3.46,0.26,2.16,475.5,6.26,26.51,1027.35
926,4,0.3,2.14,427,6.31,24.61,1216.35
927,2.82,0.24,2.13,390.1,9.59,39.28,1761.34
928,2.63,0.24,2.13,417.4,4.64,23.02,829.2
929,4.11,0.35,2.87,561.2,7.66,33.62,1203.07
930,3.12,0.26,2.4,406.6,9.77,40.9,1397.35
931,3.11,0.29,1.89,427.1,7.67,29.08,1269.24
932,3.16,0.27,1.91,467.6,8.94,34.73,1437
933,3.19,0.3,2.92,404.8,5.51,28.23,1073.08
934,3.89,0.34,2.1,543.7,5.62,25.14,917.9
935,3.05,0.28,2.11,498.5,10.3,37.05,1721.24
936,2.94,0.2,2.6,511.7,7,27.12,987.73
937,3.78,0.41,2.78,550.8,5.95,21.69,923.17
938,3.62,0.3,2.21,462.9,7.74,35.99,1300.59
939,2.79,0.28,2.22,411.2,5.02,20.32,887.18
940,2.94,0.22,2.35,505.5,8.98,40.83,1364.17
941,1.75,0.17,2.45,165.1,4.7,20.93,1067.64
942,3.02,0.28,2.26,391,5.86,23.75,1189.7
943,2.87,0.24,1.98,335.4,5.89,22.02,1111.18
944,2.96,0.27,1.98,384.9,6.05,23.64,1101.07
945,2.48,0.21,2.18,255.7,4.62,20.25,976.5
946,3.12,0.25,2.29,349.4,6.43,28.98,1304.19
947,2.81,0.2,1.79,391,7.11,32.21,1322.3
948,3.15,0.23,1.73,231.1,6.61,27.44,1381.77
949,3.32,0.24,1.91,442,8.69,36.48,1380.2
950,2.71,0.18,1.73,350.8,7.47,36.11,1179.47
951,3.1,0.19,2.08,418.6,13.36,51.83,1993.66
952,3.22,0.24,2.15,432.1,9.48,41.03,1523.54
953,2.99,0.2,2.16,470.8,6.62,28.56,1040.18
954,2.77,0.19,2.19,377.2,6.84,32.28,1151.96
955,2.89,0.21,2.46,286.4,2.6,11.64,572.58
956,3.31,0.27,1.91,423.6,4.66,19.39,691.02
957,3.08,0.2,1.91,361,5.56,21.2,1017.13
958,2.81,0.19,2.1,403,7.84,36.76,1388.64
959,3.13,0.25,2,426.8,7.73,29.37,1376.81
960,3.29,0.25,2.09,472.5,9.1,37.53,1461.77
961,2.91,0.22,1.79,417.9,9.16,35.47,1483.62
962,2.63,0.2,2.23,315.4,7.64,36.1,1345.01
963,3.34,0.24,1.74,426.2,7.9,32.49,1351.51
964,3.25,0.25,2.22,418.9,6.3,28.61,1139.28
965,3.14,0.29,1.66,487.8,8.73,34.89,1374.02
966,3.01,0.22,1.9,344.8,6.87,28.41,1200.66
967,3.16,0.23,2.12,497.4,8.99,35.93,1346.54
968,2.3,0.21,2.05,281.6,8.34,37.05,1445.04
969,3.16,0.19,2.25,492.3,6.9,32.11,1220.71
970,3.64,0.29,2.93,545.2,7.14,34.74,1236.22
971,2.97,0.23,2.57,515.2,7.63,34.04,1214.59
972,2.76,0.28,2.33,231.6,5.53,24.08,1069
973,2.3,0.2,2.2,389.9,7.92,36.56,1370.56
974,3.35,0.24,2.07,483.2,6.22,27.5,1337.7
975,3.06,0.26,2.31,376.5,7.49,39.58,1400.58
976,2.61,0.2,2.37,325.8,6.97,30.18,1269.94
977,3.12,0.24,1.91,569.3,8.4,32.51,1348.58
978,2.85,0.22,2.1,455.2,7.64,34.15,1225.14
979,3.25,0.23,2.06,410.8,4.88,20.4,1016.92
980,2.77,0.23,1.83,389.3,7.64,28.98,1264.71
981,2.99,0.22,2.06,456.3,8.71,33.21,1627.08
982,2.84,0.27,1.98,378.2,5.14,20.73,1030.4
983,3.23,0.29,2.17,340.3,3.61,18.38,784.14
984,3.08,0.28,1.53,339.1,5.63,23.6,1071.4
985,2.46,0.23,2.31,322.1,4.3,18.36,863.97
986,2.05,0.2,1.76,197.2,4.49,18.63,892.57
987,3.12,0.27,1.94,330.1,4.17,17.37,806.62
988,2.55,0.21,1.9,377.4,9.79,41.23,1472.65
989,3,0.26,1.99,453.3,10.05,42.41,1637.21
990,3.09,0.25,1.79,463.3,10.95,41.51,1844.27
991,2.76,0.24,2.53,389.4,7.18,31.32,1455.38
992,2.76,0.25,2.07,308.9,9.22,41.26,1441.46
993,2.56,0.22,2.25,380.8,8.17,36.99,1531.36
994,3.05,0.25,1.93,442,10.59,40.19,1738.01
995,2.76,0.26,2.04,369.1,6,25.1,1049.77
996,2.72,0.21,2.2,375.7,10.71,37.36,1227.94
997,2.97,0.27,2.15,499.1,11.34,47.93,1700.18
998,2.77,0.24,2.12,344.5,7.49,29.16,1204.14
999,2.97,0.25,1.86,428.2,7.55,28.95,1103.62
1000,3.18,0.28,2.21,306.9,5.97,26.01,1226.1
1001,3.51,0.3,1.76,479.1,7.07,26.81,1133.76
1002,3.07,0.26,2,441.2,10.45,42.44,1585.36
1003,2.79,0.26,2.24,357,6.99,32.2,1240.23
1004,3.58,0.35,2.73,477.9,6.5,27.8,1062.8
1005,2.98,0.26,1.69,397.2,5.36,20.78,952.33
1006,3,0.28,2,404.7,8.38,32.04,1502.7
1007,2.21,0.2,2.47,344.5,4.33,20.41,772.77
1008,2.91,0.36,2.74,296.4,4.96,23.87,992.26
1009,3.29,0.33,1.72,431.5,6.39,23.7,1129.46
1010,2.83,0.28,1.54,379.3,5.83,22.11,1001.35
1011,3.04,0.29,2.59,406.1,7.54,34.92,1386.91
1012,3.06,0.28,1.89,349.5,7.43,30.35,1177.39
1013,3.55,0.29,1.94,480.3,7.04,29.99,1221.44
1014,3.39,0.26,2.06,516,9.42,38.12,1490.94
1015,3.13,0.26,2.75,376.3,6.8,33.36,1242.89
1016,3.07,0.3,1.97,450.9,12.8,54.58,1761.89
1017,3,0.27,2.32,512.7,8.74,36.99,1438.56
1018,3.06,0.22,1.98,548.8,8.41,37.26,1211.58
1019,2.57,0.22,2.07,472.9,5.7,21.39,881.02
1020,3.13,0.24,2.03,476,9.43,30.2,1636.24
1021,3.59,0.27,2.23,539.4,7.38,32.16,1229.53
1022,2.6,0.3,1.77,367.2,8.99,36.44,1553.48
1023,2.05,0.29,2.31,223.1,4.79,21.89,979.97
1024,2.17,0.29,2.32,206.3,3.78,17.32,952.26
1025,1.67,0.26,1.73,197.1,4.55,17.73,938.79
1026,1.99,0.25,2.28,242.4,4.53,20.26,862.95
1027,1.78,0.24,1.98,307.6,7.57,30.22,1422.28
1028,1.79,0.24,2.43,191.2,3.81,19.48,841.64
1029,1.84,0.24,1.84,243.3,3.65,14.37,718.82
1030,1.47,0.18,1.92,223.8,5.79,23.84,1184.65
1031,1.44,0.16,2.12,198.1,3.96,17.87,818.36
1032,1.7,0.21,1.79,282,7.51,29.64,1406.69
1033,1.76,0.22,1.66,261.1,5.22,21.95,980.82
1034,2.32,0.23,1.77,282.4,5.68,23.63,1127.98
1035,2.67,0.29,2.13,350.3,14.9,56.59,2333.91
1036,1.96,0.23,2.13,297.1,5.16,21.61,895.21
1037,2.99,0.34,1.97,440.1,4.47,17.17,779.22
1038,2.24,0.29,2.26,238.3,5.03,20.8,1061.79
1039,1.68,0.19,2.07,230.6,6.7,25.85,1260.51
1040,2.05,0.26,2.4,234.5,6.76,30.04,1288.27
1041,1.93,0.27,1.94,287.3,4.94,19.01,922.15
1042,2.51,0.3,1.96,298.2,5.85,24.41,1155.3
1043,3.34,0.35,1.94,460.3,4.44,18.45,794.93
1044,2.76,0.32,1.98,385.8,2.8,12.15,608.67
1045,2.81,0.29,2.67,516.5,6.8,25.41,1066.56
1046,2.03,0.25,2.34,238,3.98,15.73,834.42
1047,2.16,0.27,1.94,324.8,7.43,28.25,1340.41
1048,2.53,0.35,1.31,352.3,2.63,9.21,485.12
1049,2.99,0.38,2.44,422.9,3.3,14.31,594.68
1050,3.37,0.28,1.29,454.6,4.02,14.09,730.77
1051,3.08,0.27,1.86,335.4,2.33,9.79,424.11
1052,3.21,0.31,2.06,458.9,3.61,13.89,631.51
1053,1.97,0.22,1.44,283.1,4.78,17.36,894.68
1054,1.85,0.25,2.02,261.2,6.78,26.51,1262.27
1055,2.29,0.26,1.95,276.6,2.22,8.7,440.49
1056,2.38,0.24,2.73,259.5,4.05,19.16,883.16
1057,1.87,0.23,1.86,280.5,7.75,29.85,1437.3
1058,2.17,0.23,1.68,364.1,4.35,17.23,763.67
1059,2.82,0.3,1.89,444.9,6.86,26.72,1261.56
1060,3.06,0.32,1.97,543,2.7,9.47,443.96
1061,2.77,0.3,1.84,489.6,3.36,11.03,571.57
1062,2.9,0.33,1.73,420.3,2.91,11.12,477.8
1063,3.5,0.35,2.56,481.7,5.9,24.62,988.95
1064,2.05,0.23,1.71,311.4,5.11,18.24,1040.23
1065,1.55,0.27,2.4,182.1,5.19,23.09,1038.75
1066,1.52,0.25,2.1,224.4,6.27,25.42,1202.48
1067,1.35,0.25,2.13,186.4,5.7,24.32,1126.94
1068,1.41,0.24,2.06,197.1,4.84,19.19,958.84
1069,1.6,0.23,1.85,251.3,7.57,29.16,1338.48
1070,1.92,0.24,2.22,272,5.31,24.34,1003.52
1071,1.77,0.24,1.9,262.5,4.98,18.47,896.58
1072,1.69,0.2,2.3,250.7,4.43,18.82,791.62
1073,1.74,0.28,2.3,174.6,4.57,20.46,916.54
1074,1.98,0.25,1.95,244.2,5.5,22.24,1101.33
1075,1.88,0.21,1.61,279.9,7.49,27.66,1165.99
1076,2.71,0.33,1.83,236.8,6.37,24.52,1308.15
1077,2.11,0.21,2.09,269.2,7.94,31.8,1614.13
1078,1.65,0.22,1.89,221.5,3.4,13.29,659.22
1079,2.5,0.3,2.05,330.2,7.5,31.3,1317.33
1080,2.28,0.26,2.08,299,5.2,22.68,1030.71
1081,1.86,0.27,2.08,303.6,8.17,33.81,1509.89
1082,1.51,0.21,1.94,230,6.18,27.22,1161.54
1083,2.27,0.29,2.05,341.2,6.55,27.83,1216.78
1084,2.7,0.36,2.31,427.3,5.29,24.19,845.58
1085,1.93,0.3,2.15,248.6,8.03,34.27,1465.05
1086,2.37,0.38,2.36,296,4.31,16.24,757.6
1087,2.15,0.3,2.45,334.9,2.47,9.81,516.29
1088,2.62,0.32,2.52,373.9,6.05,26.21,1144.57
1089,2.72,0.31,2.78,365.5,5.54,22.81,857.06
1090,2.45,0.27,1.98,377.1,4.65,17.79,715.72
1091,2.55,0.28,1.82,405.7,8.21,29.89,1251.81
1092,2.81,0.37,2.09,398.1,4.88,19.61,863.16
1093,2.6,0.35,1.94,405.3,3.74,14.39,672.87
1094,2.78,0.32,2.07,393.1,4.99,21.59,954.27
1095,2.21,0.22,1.37,349.5,5.25,20.33,891.2
1096,2.58,0.28,1.96,326.5,3.84,16.08,772.78
1097,2.65,0.35,2.39,330.7,2.9,14.13,574.49
1098,2.7,0.27,1.26,486.9,3,10.7,554.81
1099,2.64,0.26,1.89,402.1,7.44,28.36,1224.42
1100,2.71,0.27,1.63,506.2,7.62,29.97,1162.27
1101,1.88,0.24,2.11,342.2,8,31.19,1437.66
1102,2.22,0.29,2.25,206.9,3.01,10.56,611.46
1103,2.05,0.29,2.1,244.8,6.16,24.68,1068.8
1104,2.83,0.28,2.46,457.3,7.63,30.71,1188.01
1105,3.38,0.31,2.07,545.6,6.6,23.81,1032.75
1106,2.34,0.2,2.21,367,5.9,23.61,1019.91
1107,1.63,0.23,2.09,174.5,3.1,14.01,761.24
1108,2,0.27,2.07,263.3,6.82,27.33,1267.31
1109,1.58,0.22,2.18,227.1,5.22,21.42,1031.17
1110,1.8,0.19,2.11,220.2,3.97,17.07,823.82
1111,2.35,0.32,2.68,375.5,12.88,58.81,1938.28
1112,1.75,0.23,2.1,292.1,9.9,40.86,1752.22
1113,1.4,0.24,2.16,155.9,4.53,18.65,1000.01
1114,2,0.21,1.98,311,6.27,25.26,987.09
1115,1.92,0.23,2.44,241.6,6.14,27.88,1125.4
1116,1.86,0.25,2.29,213,6.16,25.92,1139.46
1117,2.26,0.24,1.98,269.1,7.33,30.88,1308.69
1118,2.43,0.25,2.11,337.7,8.28,36.28,1453.56
1119,1.8,0.18,1.73,251.4,6.77,27.53,1240.33
1120,2.39,0.26,2.51,274.4,5.21,22.17,1078.6
1121,2.64,0.26,1.96,387.1,7.24,27.43,1086.41
1122,1.94,0.23,1.98,287.6,7.58,30.81,1431.58
1123,1.48,0.2,1.96,215.9,7.42,27.73,1335.29
1124,1.68,0.17,2.27,226.2,5.57,25.69,1075.65
1125,2.32,0.28,2.46,249.1,4.84,19.75,927.3
1126,2.6,0.32,2.5,336.4,7.72,34.2,1391.95
1127,2.36,0.3,2.12,344.1,8.98,35.77,1583.05
1128,1.7,0.22,1.72,258.4,3.73,12.99,694.64
1129,3.07,0.28,1.35,443.9,3.65,13.83,725.71
1130,2.2,0.29,1.99,338.2,5.65,23.99,966.28
1131,2.15,0.24,1.73,329.7,6.97,26.62,1240.07
1132,2.07,0.24,2.16,260.3,5.15,22.35,996.73
1133,2.13,0.26,1.66,277.2,2.8,10.18,529.35
1134,2.15,0.26,2.11,247.1,3.45,13.77,679.92
1135,3.18,0.26,1.24,392.7,4.23,14.96,708.08
1136,3.4,0.35,2.22,458.7,5.27,19.69,855.57
1137,2.35,0.31,1.18,333.6,3.87,13.39,628.85
1138,1.96,0.27,2.1,287.4,5.75,23.06,1028.17
1139,3.01,0.29,1.98,460.4,7.18,29.16,1009.94
1140,2.52,0.25,1.47,414.7,6.7,26.31,1088.18
1141,2.52,0.26,1.88,339.9,5.53,19.46,863.82
1142,2.02,0.23,1.96,348.2,6.85,24.72,1270.32
1143,2.37,0.37,2.44,338.9,4.63,18.73,883.29
1144,2.03,0.22,1.49,289.7,5.58,22.7,1039.64
1145,2.64,0.29,1.71,389.4,5.84,22.17,1037.93
1146,2.7,0.25,1.81,483.9,7.52,19.84,1232.53
1147,2.32,0.26,2.08,368.6,9.52,37.69,1683.14
1148,1.56,0.19,1.73,226.1,2.93,11.09,611.78
1149,1.61,0.25,2.02,203.7,4.58,18.91,963.84
1150,1.94,0.27,2.25,240.4,4.22,18.05,852.08
1151,2.18,0.26,2.05,330,5.85,21.29,902.43
1152,2.03,0.23,2.84,298.2,5.48,24.11,935.98
1153,1.84,0.18,3.29,285.5,6.66,28.97,1094.24
1154,1.99,0.33,2.4,203.8,3.53,16.35,743.54
1155,2.07,0.25,2.03,339.1,11.19,44.96,1852.2
1156,2.06,0.25,3.07,212.3,2.3,12.27,566.6
1157,2.58,0.28,2.07,312.5,7.36,30.42,1313.33
1158,2.43,0.29,1.67,327.3,3.87,14.2,741.37
1159,2.64,0.36,2.09,320,4.64,21.12,957.15
1160,2.25,0.28,1.55,366.8,5.02,17.22,833.52
1161,2.47,0.35,1.56,326.9,4.13,14.41,692.5
1162,2.34,0.28,2.57,272.4,4.22,18.01,760.63
1163,2.77,0.34,1.92,349.6,6.29,23.89,1210.9
1164,2.3,0.24,1.93,262,3.59,13.62,747.75
1165,2.67,0.27,2.23,419.9,6.21,26.33,976.83
1166,2.14,0.27,1.93,260.2,3.11,12.63,682.4
1167,1.82,0.23,2.4,189.7,6.89,28.92,1303.76
1168,1.8,0.23,1.88,302.9,8.51,33.7,1562.92
1169,1.23,0.19,1.95,173.5,4.11,16.64,881.63
1170,2.15,0.33,2.16,237,4.02,15.67,782.01
1171,2.14,0.31,1.73,266.6,5.95,24.1,1020.37
1172,2.13,0.25,2.31,253.1,4.37,19.7,928.85
1173,2.17,0.25,2.5,342.3,5,21.15,832.82
1174,2.72,0.27,1.95,413.7,6.49,25.06,1152.66
1175,3.17,0.34,1.98,427.5,6.63,26.61,1169.5
1176,2.88,0.31,1.92,417.1,8.24,30.46,1201.79
1177,2.62,0.29,2.7,252.7,6.82,28.76,1286.42
1178,2.57,0.26,2.01,340.7,6.3,25.09,1098.48
1179,2.34,0.31,1.71,351.6,5.24,21.3,765.94
1180,2.75,0.28,1.73,367,5.13,20,914.01
1181,2.65,0.31,2.71,265.5,5.2,25.56,1030.84
1182,2.45,0.26,2.08,315.7,7.57,28.62,1300.57
1183,2.45,0.24,2.41,309.1,5.4,22.08,1105.9
1184,2.29,0.3,1.99,335.1,3,9.55,549.47
1185,2.37,0.24,2.2,371.3,5.55,20.22,940.49
1186,1.83,0.23,2.02,315.6,7.89,30.32,1474.84
1187,2.03,0.2,2.28,328.4,6.5,28.37,1281.99
1188,2.74,0.28,2.18,406.5,6.37,23.39,1122.22
1189,2.17,0.2,1.86,317.5,6.4,25.95,1084.03
1190,2.16,0.22,1.97,236.8,5.85,24.94,1197.73
1191,2.12,0.28,1.98,311,4.2,17.04,736.53
1192,1.83,0.26,1.58,275.6,5.33,21.69,921.4
1193,1.99,0.23,1.83,252.6,4,15.55,781.3
1194,1.9,0.24,1.92,312.2,8.91,35.25,1534.09
1195,1.76,0.23,2.17,295.2,6.64,28.12,1266.22
1196,1.63,0.25,2.25,164.8,3.07,15.63,753.21
1197,2.58,0.25,2.38,297.9,7.17,31.76,1135.41
1198,2.25,0.27,2.05,328.3,7.34,28.49,1348.19
1199,2.28,0.25,2.42,253.6,7.34,21.44,989.24
1200,2.47,0.29,1.69,359.5,4.77,18.78,944.77
1201,2.48,0.27,2.07,271.5,5.59,25.14,1116.96
1202,2.01,0.23,1.84,286.2,4.28,16.76,753.84
1203,2.14,0.29,2.13,356.7,3.13,13.57,522.07
1204,2.35,0.37,2.02,289.1,5.54,20.97,1052.63
1205,2.6,0.24,1.99,359.9,5.24,20.41,911.27
1206,1.97,0.26,1.92,233.6,5.45,23.82,1094.49
1207,2.23,0.22,2.19,236.2,4.55,19.66,982.88
1208,1.68,0.23,1.89,257.3,6.82,27.28,1269.6
1209,2.64,0.28,2.34,376.5,3.21,12.78,595.85
1210,2.74,0.27,2.4,374,8.41,37.07,1427.01
1211,2.44,0.35,1.8,318.2,4.2,16.31,789.92
1212,2.09,0.25,1.83,343.3,7.75,29.45,1406.45
1213,2.48,0.43,2.91,235.1,3,13.11,668.17
1214,2.63,0.32,1.93,315.2,3,18.36,917.73
1215,2.68,0.3,1.87,335.2,5.9,25.23,1116.57
1216,2.21,0.26,1.78,281.3,3.27,12.63,629.73
1217,2.88,0.27,1.86,413.4,8.2,31.29,1323.31
1218,2.75,0.36,2.86,260.5,5.14,21.03,1074.69
1219,2.44,0.27,1.52,281.3,5.34,20.68,927.65
1220,1.87,0.23,2.03,281.7,7.71,31,1440.57
1221,1.91,0.23,2,228.8,3.25,12.79,688.16
1222,2.21,0.25,1.91,285.9,5.5,22.32,980.08
1223,2.02,0.22,1.88,320.6,7.33,29.61,1112.99
1224,2.02,0.2,2.16,319,4.87,22.57,1045.38
1225,2.64,0.33,2.28,414.9,6.87,33.19,1310.09
1226,2.82,0.3,2.18,397.7,6.18,24.86,1225.8
1227,2.89,0.33,1.96,362.1,7.6,25.87,1152.93
1228,3.11,0.33,1.7,452.8,4.96,18.27,911.12
1229,2.04,0.23,2.3,341.8,4.92,23.22,888.62
1230,2.39,0.21,1.91,398.3,6.18,25.44,1151.1
1231,1.95,0.22,1.98,348.9,8.34,27.12,1533.22
1232,1.25,0.21,1.59,212.5,4.43,18.15,845.02
1233,2.77,0.3,2.57,365.8,4.39,20.47,886.58
1234,2.43,0.32,2.18,264.2,2.65,12.52,553.78
1235,2.26,0.29,2.12,314.8,3.48,15.44,712.05
1236,2.82,0.31,1.73,419.2,4.87,18.02,798.51
1237,1.86,0.23,2.04,270.8,6.08,23.01,1032.6
1238,2.03,0.35,1.97,221.9,3.44,13.93,653.78
1239,2.53,0.29,2.04,390.5,4.79,22.5,708.84
1240,2.15,0.27,2,312.7,7.1,28.2,1260.84
1241,2,0.28,2.02,287.3,7.07,27.9,1369.42
1242,1.59,0.26,2.36,226.9,3.62,17.61,894.2
1243,2.07,0.29,1.83,179.7,4.88,20.78,994.82
1244,2.25,0.28,2.01,328.3,7.17,28.51,1368.02
1245,1.9,0.22,2.7,221.2,3.91,17.22,884.24
1246,2.57,0.31,2.21,283.7,4.83,21.07,924.3
1247,2.51,0.29,2.04,378.9,6.51,26.9,1217.57
1248,2.41,0.25,2.1,312.1,5.41,22.21,1100.88
1249,2.83,0.29,1.61,472.1,4.77,16.15,789.54
1250,2.05,0.26,2.54,267.1,4.56,21.07,927.17
1251,2.05,0.25,1.96,319.3,6.33,24.59,1074.09
1252,2.04,0.22,1.99,230.8,3.9,16.54,832.03
1253,3.7,0.37,2.11,497.5,5.92,23.71,1005.23
1254,2.08,0.29,1.86,228.9,3.52,14.83,808.62
1255,2.39,0.27,1.99,391.4,7.09,28.16,1234.23
1256,1.66,0.24,2.02,262.8,6.87,27.79,1320.09
1257,1.54,0.21,1.89,248.7,6.94,28.86,1342.07
1258,1.73,0.22,1.74,271.1,4.61,17.98,924.66
1259,2.05,0.24,1.83,298.8,9.39,37.37,1690.56
1260,2.43,0.3,2.58,301.6,4.83,21.23,935.29
1261,2.31,0.26,2.12,326.5,6.52,26.45,1055.69
1262,2.51,0.32,1.77,377,5.31,21.76,1005.55
1263,2.58,0.3,1.8,379.8,6.68,26.09,1156.99
1264,2.64,0.25,1.96,420.4,4.25,17.28,724.31
1265,2.18,0.26,2.44,303.5,4.58,18.83,922.39
1266,2.49,0.26,1.96,335,4.95,18.24,849.07
1267,3.29,0.33,2.07,441.6,4.46,17.96,890.85
1268,2.87,0.26,1.74,460.7,6.76,27.13,1231.98
1269,2.49,0.25,2.28,425.4,7.2,30.69,1154.34
1270,2.62,0.27,1.97,452.4,7.15,25.22,1096.09
1271,2.51,0.24,2.48,403.8,6.34,23.13,1208.27
